ID,Product,Review
1,Quantum Processor,"Excellent performance. Truly the future of computing."
2,Azure Cloud Storage,"Reliable and scalable. A game-changer for my business."
3,Neural Network Chip,"Impressive speed and accuracy. AI at its best."
4,Quantum Encryption Module,"Unbreakable security. Feels like magic!"
5,Azure AI Services,"Makes complex AI tasks a breeze. Highly recommended."
6,Quantum SDK,"A must-have for quantum developers. Comprehensive and user-friendly."
7,Deep Learning Accelerator,"Boosted my model's training time significantly. Worth every penny."
8,Azure Quantum Solutions,"Seamless integration with existing systems. Azure does it again!"
9,Neural Interface Device,"The bridge between man and machine. A revolutionary product."
10,Quantum Cloud Integration,"The perfect blend of quantum and cloud. Exceptional!"